{
  "A-101": {
    "flatNumber": "A-101",
    "name": "Priya Sharma",
    "contact": "98765-43210",
    "status": "Owner",
    "activeGuests": 2,
    "lastVisitor": "2025-10-22 at 10:30 AM (Delivery)"
  },
  "B-205": {
    "flatNumber": "B-205",
    "name": "Ravi Kumar",
    "contact": "91234-56789",
    "status": "Tenant",
    "activeGuests": 0,
    "lastVisitor": "2025-10-15 at 04:00 PM (Personal)"
  },
  "C-302": {
    "flatNumber": "C-302",
    "name": "Alok Varma",
    "contact": "99000-11223",
    "status": "Owner",
    "activeGuests": 1,
    "lastVisitor": "2025-10-21 at 09:00 AM (Maid)"
  },
  "D-404": {
    "flatNumber": "D-404",
    "name": "Neha Singh",
    "contact": "88776-65544",
    "status": "Tenant",
    "activeGuests": 0,
    "lastVisitor": "2025-09-30 at 07:15 PM (Friend)"
  }
}
